{
  "config": {
    "yScale": {
      "type": "minecraft:uniform",
      "value": {
        "min_inclusive": 0.1,
        "max_exclusive": 0.9
      }
    },
    "lava_level": {
      "above_bottom": 8
    },
    "debug_settings": {
      "water_state": {
        "Properties": {
          "waterlogged": "false",
          "lit": "false",
          "candles": "1"
        },
        "Name": "minecraft:candle"
      },
      "lava_state": {
        "Name": "minecraft:orange_stained_glass"
      },
      "barrier_state": {
        "Name": "minecraft:glass"
      },
      "air_state": {
        "Properties": {
          "powered": "false",
          "facing": "north",
          "face": "wall"
        },
        "Name": "minecraft:oak_button"
      }
    },
    "probability": 0,//0.07,
    "y": {
      "min_inclusive": {
        "above_bottom": 8
      },
      "max_inclusive": {
        "absolute": 47
      },
      "type": "minecraft:uniform"
    },
    "horizontal_radius_multiplier": {
      "type": "minecraft:uniform",
      "value": {
        "min_inclusive": 0.7,
        "max_exclusive": 1.4
      }
    },
    "vertical_radius_multiplier": {
      "type": "minecraft:uniform",
      "value": {
        "min_inclusive": 0.8,
        "max_exclusive": 1.3
      }
    },
    "floor_level": {
      "type": "minecraft:uniform",
      "value": {
        "min_inclusive": -1,
        "max_exclusive": -0.4
      }
    }
  },
  "type": "minecraft:cave"
}
