{
  "effects": {
    "mood_sound": {
      "sound": "minecraft:ambient.cave",
      "tick_delay": 6000,
      "block_search_extent": 8,
      "offset": 2.0
    },
    "sky_color": 7842047,
    "fog_color": 12638463,
        "water_color": 10128356,
    "water_fog_color": 329011
  },
  "carvers": {
    "air": [
      "minecraft:cave",
      "minecraft:cave_extra_underground",
      "minecraft:canyon","terralith:deep_ravine"
    ]
  },
  "features": [
    [
      "terralith:mushroom/destroy_cliff"
    ],
    [
      
      "minecraft:lake_lava_underground",
      "minecraft:lake_lava_surface"
    ],
    [
      "minecraft:amethyst_geode",
      "terralith:cave/generic/mega_geode"
    ],
    [
      "minecraft:monster_room",
      "minecraft:monster_room_deep","terralith:cave/generic/deep_dungeon"
    ],
    [],
    [],
    [
      "minecraft:ore_gravel",
      "minecraft:ore_granite_upper",
      "minecraft:ore_granite_lower",
      "minecraft:ore_diorite_upper",
      "minecraft:ore_diorite_lower",
      "minecraft:ore_andesite_upper",
      "minecraft:ore_andesite_lower",
      "minecraft:ore_tuff",
      "minecraft:ore_coal_upper",
      "minecraft:ore_coal_lower",
      "minecraft:ore_iron_upper",
      "minecraft:ore_iron_middle",
      "minecraft:ore_iron_small",
      "minecraft:ore_gold",
      "minecraft:ore_gold_lower",
      "minecraft:ore_redstone",
      "minecraft:ore_redstone_lower",
      "minecraft:ore_diamond",
      "minecraft:ore_diamond_large",
      "minecraft:ore_diamond_buried",
      "minecraft:ore_lapis",
      "minecraft:ore_lapis_buried",
      "minecraft:ore_copper",
      "minecraft:underwater_magma",
      "minecraft:disk_sand",
      "minecraft:disk_clay",
      "minecraft:disk_gravel"
    ],
    [],
    [
      "minecraft:spring_water",
      "minecraft:spring_lava"
    ],
    [
      "terralith:mushroom/huge_mushroom_scattered",
      "terralith:mushroom/patch_mushroom",
      "minecraft:glow_lichen",
      "minecraft:mushroom_island_vegetation",
      "minecraft:brown_mushroom_taiga",
      "minecraft:red_mushroom_taiga",
      "minecraft:patch_sugar_cane",
      "minecraft:patch_pumpkin"
    ],
    [
      "minecraft:freeze_top_layer"
    ]
  ],
  "spawners": {
    "monster": [],
    "creature": [
      {
        "type": "minecraft:mooshroom",
        "weight": 8,
        "minCount": 4,
        "maxCount": 8
      }
    ],
    "ambient": [
      {
        "type": "minecraft:bat",
        "weight": 10,
        "minCount": 8,
        "maxCount": 8
      }
    ],
    "axolotls": [],
    "underground_water_creature": [
      {
        "type": "minecraft:glow_squid",
        "weight": 10,
        "minCount": 4,
        "maxCount": 6
      }
    ],
    "water_creature": [],
    "water_ambient": [],
    "misc": []
  },
  "spawn_costs": {},
  "precipitation": "rain",
  "temperature": 0.9,
  "downfall": 1.0,
  "category": "mushroom"
}